{
    "loss": 14.08537769317627,
    "accuracy": 0.5833333134651184
}