{
    "loss": 7.339417934417725,
    "accuracy": 0.4166666567325592
}